timeStamp,elapsed,label,responseCode,responseMessage,threadName,dataType,success,failureMessage,bytes,sentBytes,grpThreads,allThreads,URL,Latency,IdleTime,Connect
1673292478073,321,HTTP Request,200,OK,Random Users 1-1,text,true,,557804,120,9,9,https://themeforest.net/,41,0,23
1673292478191,3249,HTTP Request,200,OK,Random Users 1-4,text,true,,557804,120,84,84,https://themeforest.net/,193,0,159
1673292478431,14027,HTTP Request,200,OK,Random Users 1-10,text,true,,557809,120,98,98,https://themeforest.net/,484,0,377
1673292481751,13038,HTTP Request,200,OK,Random Users 1-93,text,true,,557809,120,97,97,https://themeforest.net/,8306,0,8159
1673292478151,17461,HTTP Request,200,OK,Random Users 1-3,text,true,,557812,120,96,96,https://themeforest.net/,160,0,91
1673292479192,16952,HTTP Request,200,OK,Random Users 1-29,text,true,,557819,120,95,95,https://themeforest.net/,3710,0,3656
1673292479231,17409,HTTP Request,200,OK,Random Users 1-30,text,true,,557804,120,94,94,https://themeforest.net/,1166,0,1101
1673292480472,17179,HTTP Request,200,OK,Random Users 1-61,text,true,,557812,120,93,93,https://themeforest.net/,1336,0,1153
1673292480632,17366,HTTP Request,200,OK,Random Users 1-65,text,true,,557809,120,92,92,https://themeforest.net/,1105,0,92
1673292481232,18360,HTTP Request,Non HTTP response code: java.net.SocketException,Non HTTP response message: Connection reset,Random Users 1-80,text,false,,2865,0,91,91,https://themeforest.net/,0,0,18320
1673292478792,21071,HTTP Request,200,OK,Random Users 1-19,text,true,,557809,120,90,90,https://themeforest.net/,251,0,152
1673292481312,18636,HTTP Request,Non HTTP response code: org.apache.http.NoHttpResponseException,Non HTTP response message: themeforest.net:443 failed to respond,Random Users 1-82,text,false,,2085,0,89,89,https://themeforest.net/,0,0,18635
1673292479072,21250,HTTP Request,200,OK,Random Users 1-26,text,true,,557817,120,88,88,https://themeforest.net/,201,0,93
1673292481673,18686,HTTP Request,Non HTTP response code: org.apache.http.NoHttpResponseException,Non HTTP response message: themeforest.net:443 failed to respond,Random Users 1-91,text,false,,2085,0,87,87,https://themeforest.net/,0,0,18685
1673292478632,23768,HTTP Request,200,OK,Random Users 1-15,text,true,,557804,120,86,86,https://themeforest.net/,9049,0,8890
1673292481513,21937,HTTP Request,200,OK,Random Users 1-87,text,true,,557804,120,85,85,https://themeforest.net/,629,0,91
1673292480432,23336,HTTP Request,200,OK,Random Users 1-60,text,true,,557812,120,84,84,https://themeforest.net/,540,0,382
1673292479992,23936,HTTP Request,200,OK,Random Users 1-49,text,true,,557812,120,83,83,https://themeforest.net/,1017,0,872
1673292480672,23374,HTTP Request,200,OK,Random Users 1-66,text,true,,557812,120,82,82,https://themeforest.net/,2182,0,1953
1673292480351,23889,HTTP Request,200,OK,Random Users 1-58,text,true,,557804,120,81,81,https://themeforest.net/,3614,0,3396
1673292481191,23150,HTTP Request,200,OK,Random Users 1-79,text,true,,557819,120,80,80,https://themeforest.net/,21401,0,2623
1673292481432,23272,HTTP Request,200,OK,Random Users 1-85,text,true,,557811,120,79,79,https://themeforest.net/,3400,0,3150
1673292479793,24971,HTTP Request,200,OK,Random Users 1-44,text,true,,557812,120,78,78,https://themeforest.net/,1387,0,375
1673292481472,23540,HTTP Request,200,OK,Random Users 1-86,text,true,,557812,120,77,77,https://themeforest.net/,8684,0,8440
1673292481712,23310,HTTP Request,200,OK,Random Users 1-92,text,true,,557812,120,76,76,https://themeforest.net/,205,0,95
1673292478871,26461,HTTP Request,200,OK,Random Users 1-21,text,true,,557816,120,75,75,https://themeforest.net/,304,0,147
1673292478912,26511,HTTP Request,200,OK,Random Users 1-22,text,true,,557818,120,74,74,https://themeforest.net/,515,0,373
1673292482033,24057,HTTP Request,200,OK,Random Users 1-100,text,true,,557809,120,73,73,https://themeforest.net/,15316,0,15254
1673292478128,28080,HTTP Request,200,OK,Random Users 1-2,text,true,,557812,120,72,72,https://themeforest.net/,183,0,64
1673292481032,25329,HTTP Request,200,OK,Random Users 1-75,text,true,,557812,120,71,71,https://themeforest.net/,677,0,621
1673292481072,25425,HTTP Request,200,OK,Random Users 1-76,text,true,,557804,120,70,70,https://themeforest.net/,3219,0,3163
1673292478351,28537,HTTP Request,200,OK,Random Users 1-8,text,true,,557804,120,69,69,https://themeforest.net/,214,0,74
1673292481951,25011,HTTP Request,200,OK,Random Users 1-98,text,true,,557818,120,68,68,https://themeforest.net/,446,0,386
1673292481353,25662,HTTP Request,200,OK,Random Users 1-83,text,true,,557817,120,67,67,https://themeforest.net/,4057,0,3090
1673292481833,25208,HTTP Request,200,OK,Random Users 1-95,text,true,,557804,120,66,66,https://themeforest.net/,15308,0,15122
1673292481593,25571,HTTP Request,200,OK,Random Users 1-89,text,true,,557804,120,65,65,https://themeforest.net/,1244,0,1096
1673292479112,28131,HTTP Request,200,OK,Random Users 1-27,text,true,,557804,120,64,64,https://themeforest.net/,6261,0,1946
1673292479352,28122,HTTP Request,200,OK,Random Users 1-33,text,true,,557817,120,63,63,https://themeforest.net/,616,0,473
1673292481553,26144,HTTP Request,200,OK,Random Users 1-88,text,true,,557812,120,62,62,https://themeforest.net/,1179,0,1100
1673292478550,29752,HTTP Request,200,OK,Random Users 1-13,text,true,,557812,120,61,61,https://themeforest.net/,8004,0,7645
1673292478752,29928,HTTP Request,200,OK,Random Users 1-18,text,true,,557817,120,60,60,https://themeforest.net/,902,0,634
1673292480511,28213,HTTP Request,200,OK,Random Users 1-62,text,true,,557804,120,59,59,https://themeforest.net/,349,0,98
1673292481632,27137,HTTP Request,200,OK,Random Users 1-90,text,true,,557818,120,58,58,https://themeforest.net/,530,0,384
1673292478312,30529,HTTP Request,200,OK,Random Users 1-7,text,true,,557812,120,57,57,https://themeforest.net/,3310,0,3103
1673292480551,28740,HTTP Request,200,OK,Random Users 1-63,text,true,,557817,120,56,56,https://themeforest.net/,963,0,482
1673292481872,27441,HTTP Request,200,OK,Random Users 1-96,text,true,,557804,120,55,55,https://themeforest.net/,3199,0,2908
1673292479952,29460,HTTP Request,200,OK,Random Users 1-48,text,true,,557816,120,54,54,https://themeforest.net/,5426,0,5200
1673292481792,27790,HTTP Request,200,OK,Random Users 1-94,text,true,,557804,120,53,53,https://themeforest.net/,4307,0,3161
1673292480192,29974,HTTP Request,200,OK,Random Users 1-54,text,true,,557804,120,52,52,https://themeforest.net/,6331,0,6130
1673292479552,30695,HTTP Request,200,OK,Random Users 1-38,text,true,,557812,120,51,51,https://themeforest.net/,1337,0,1152
1673292478272,32129,HTTP Request,200,OK,Random Users 1-6,text,true,,557804,120,50,50,https://themeforest.net/,1637,0,1401
1673292478232,32175,HTTP Request,200,OK,Random Users 1-5,text,true,,557812,120,49,49,https://themeforest.net/,830,0,403
1673292480871,29600,HTTP Request,200,OK,Random Users 1-71,text,true,,557812,120,48,48,https://themeforest.net/,934,0,469
1673292479152,31378,HTTP Request,200,OK,Random Users 1-28,text,true,,557812,120,47,47,https://themeforest.net/,6579,0,3639
1673292479432,31154,HTTP Request,200,OK,Random Users 1-35,text,true,,557804,120,46,46,https://themeforest.net/,237,0,92
1673292480711,29943,HTTP Request,200,OK,Random Users 1-67,text,true,,557804,120,45,45,https://themeforest.net/,8010,0,7948
1673292480751,30233,HTTP Request,200,OK,Random Users 1-68,text,true,,557804,120,44,44,https://themeforest.net/,1896,0,1617
1673292479753,31618,HTTP Request,200,OK,Random Users 1-43,text,true,,557812,120,43,43,https://themeforest.net/,5420,0,5240
1673292478672,33012,HTTP Request,200,OK,Random Users 1-16,text,true,,557809,120,42,42,https://themeforest.net/,152,0,94
1673292478591,33124,HTTP Request,200,OK,Random Users 1-14,text,true,,557820,120,41,41,https://themeforest.net/,874,0,372
1673292479672,32045,HTTP Request,200,OK,Random Users 1-41,text,true,,557804,120,40,40,https://themeforest.net/,2130,0,1900
1673292479392,33496,HTTP Request,200,OK,Random Users 1-34,text,true,,557809,120,39,39,https://themeforest.net/,672,0,618
1673292479591,33440,HTTP Request,200,OK,Random Users 1-39,text,true,,557818,120,38,38,https://themeforest.net/,1971,0,93
1673292480311,33284,HTTP Request,200,OK,Random Users 1-57,text,true,,557818,120,37,37,https://themeforest.net/,7319,0,7128
1673292480112,33730,HTTP Request,200,OK,Random Users 1-52,text,true,,557812,120,36,36,https://themeforest.net/,663,0,472
1673292480991,32860,HTTP Request,200,OK,Random Users 1-74,text,true,,557812,120,35,35,https://themeforest.net/,538,0,434
1673292479913,34351,HTTP Request,200,OK,Random Users 1-47,text,true,,557811,120,34,34,https://themeforest.net/,521,0,373
1673292478990,35706,HTTP Request,200,OK,Random Users 1-24,text,true,,557809,120,33,33,https://themeforest.net/,295,0,149
1673292479712,35400,HTTP Request,200,OK,Random Users 1-42,text,true,,557812,120,32,32,https://themeforest.net/,35014,0,3079
1673292481113,34996,HTTP Request,200,OK,Random Users 1-77,text,true,,557812,120,31,31,https://themeforest.net/,197,0,93
1673292479471,37087,HTTP Request,200,OK,Random Users 1-36,text,true,,557812,120,30,30,https://themeforest.net/,610,0,376
1673292480911,35705,HTTP Request,200,OK,Random Users 1-72,text,true,,557809,120,29,29,https://themeforest.net/,584,0,430
1673292480272,36748,HTTP Request,200,OK,Random Users 1-56,text,true,,557818,120,28,28,https://themeforest.net/,1283,0,1095
1673292480033,37223,HTTP Request,200,OK,Random Users 1-50,text,true,,557804,120,27,27,https://themeforest.net/,3624,0,3392
1673292480151,37353,HTTP Request,200,OK,Random Users 1-53,text,true,,557812,120,26,26,https://themeforest.net/,1452,0,91
1673292480832,36832,HTTP Request,200,OK,Random Users 1-70,text,true,,557809,120,25,25,https://themeforest.net/,1703,0,1644
1673292480073,37741,HTTP Request,200,OK,Random Users 1-51,text,true,,557804,120,24,24,https://themeforest.net/,3635,0,3401
1673292479631,38292,HTTP Request,200,OK,Random Users 1-40,text,true,,557809,120,23,23,https://themeforest.net/,976,0,879
1673292479510,38474,HTTP Request,200,OK,Random Users 1-37,text,true,,557818,120,22,22,https://themeforest.net/,4047,0,3641
1673292479310,39013,HTTP Request,200,OK,Random Users 1-32,text,true,,557817,120,21,21,https://themeforest.net/,458,0,396
1673292480232,38133,HTTP Request,200,OK,Random Users 1-55,text,true,,557811,120,20,20,https://themeforest.net/,2028,0,1381
1673292481151,37363,HTTP Request,200,OK,Random Users 1-78,text,true,,557812,120,19,19,https://themeforest.net/,2199,0,1956
1673292480951,37586,HTTP Request,200,OK,Random Users 1-73,text,true,,557812,120,18,18,https://themeforest.net/,841,0,386
1673292478391,40502,HTTP Request,200,OK,Random Users 1-9,text,true,,557811,120,17,17,https://themeforest.net/,6189,0,4040
1673292481991,37263,HTTP Request,200,OK,Random Users 1-99,text,true,,557812,120,16,16,https://themeforest.net/,1502,0,1397
1673292480791,39115,HTTP Request,200,OK,Random Users 1-69,text,true,,557804,120,15,15,https://themeforest.net/,547,0,398
1673292480593,39696,HTTP Request,200,OK,Random Users 1-64,text,true,,557811,120,14,14,https://themeforest.net/,4320,0,4179
1673292480391,40140,HTTP Request,200,OK,Random Users 1-59,text,true,,557819,120,13,13,https://themeforest.net/,3860,0,3646
1673292478712,43117,HTTP Request,200,OK,Random Users 1-17,text,true,,557804,120,12,12,https://themeforest.net/,2815,0,2179
1673292479873,44420,HTTP Request,200,OK,Random Users 1-46,text,true,,557804,120,11,11,https://themeforest.net/,5030,0,4096
1673292481272,43261,HTTP Request,200,OK,Random Users 1-81,text,true,,557804,120,10,10,https://themeforest.net/,593,0,99
1673292479272,48754,HTTP Request,200,OK,Random Users 1-31,text,true,,557817,120,9,9,https://themeforest.net/,1558,0,1410
1673292478952,63664,HTTP Request,200,OK,Random Users 1-23,text,true,,557812,120,8,8,https://themeforest.net/,657,0,468
1673292481391,206827,HTTP Request,Non HTTP response code: org.apache.http.ConnectionClosedException,Non HTTP response message: Premature end of chunk coded message body: closing chunk expected,Random Users 1-84,text,false,,1470,0,7,7,https://themeforest.net/,5522,0,1163
1673292478472,212364,HTTP Request,Non HTTP response code: org.apache.http.ConnectionClosedException,Non HTTP response message: Premature end of chunk coded message body: closing chunk expected,Random Users 1-11,text,false,,1470,0,6,6,https://themeforest.net/,3031,0,150
1673292479031,417932,HTTP Request,Non HTTP response code: org.apache.http.ConnectionClosedException,Non HTTP response message: Premature end of chunk coded message body: closing chunk expected,Random Users 1-25,text,false,,1470,0,5,5,https://themeforest.net/,235,0,93
1673292478512,2229222,HTTP Request,Non HTTP response code: java.net.SocketException,Non HTTP response message: Socket closed,Random Users 1-12,text,false,,2935,0,4,4,https://themeforest.net/,0,0,2229222
1673292479833,2227901,HTTP Request,Non HTTP response code: java.net.SocketException,Non HTTP response message: Socket closed,Random Users 1-45,text,false,,2935,0,3,3,https://themeforest.net/,0,0,2227901
1673292478831,2228904,HTTP Request,Non HTTP response code: java.net.SocketException,Non HTTP response message: Socket closed,Random Users 1-20,text,false,,3011,0,2,2,https://themeforest.net/,0,0,2228904
1673292481912,2225823,HTTP Request,Non HTTP response code: java.net.SocketException,Non HTTP response message: Socket closed,Random Users 1-97,text,false,,3011,0,2,2,https://themeforest.net/,0,0,2225823
